,rouge1,rouge2,rougeL,rougeLsum,KL_Divergence
0,0.17952667252368876,0.03630151414341298,0.12462540927005286,0.12489698443925715,0.08326456080990473
