,rouge1,rouge2,rougeL,rougeLsum,KL_Divergence
0,0.2670041076975349,0.08348471858247328,0.22328984425643122,0.22317355727575783,0.028738744324945213
