,rouge1,rouge2,rougeL,rougeLsum,KL_Divergence
0,0.14580477539264455,0.029630801086433928,0.10599766298936805,0.1061939878765646,0.1327483109836687
