,rouge1,rouge2,rougeL,rougeLsum,KL_Divergence
0,0.17959521087629232,0.03629895028092249,0.12464568499240479,0.13155913522820412,0.14308218453036778
