,rouge1,rouge2,rougeL,rougeLsum,KL_Divergence
0,0.1479052097320909,0.023627566968159028,0.11450599129419092,0.11459878010235537,0.7550623678465845
