,rouge1,rouge2,rougeL,rougeLsum,KL_Divergence
0,0.1795814890709228,0.03626340621439105,0.1245991279111307,0.13162457978193215,0.14306722674274835
