,rouge1,rouge2,rougeL,rougeLsum,KL_Divergence
0,0.14786004749919351,0.02355518437903535,0.11455509000375327,0.11455285624126821,0.7550623678465845
