,rouge1,rouge2,rougeL,rougeLsum,KL_Divergence
0,0.20733797385144842,0.06553018926860299,0.17101940548582772,0.1710160888519336,0.23307303255842793
