,rouge1,rouge2,rougeL,rougeLsum,KL_Divergence
0,0.2668740704059446,0.08340241622354173,0.22357650328566145,0.22315442112311762,0.028738744324945213
