,rouge1,rouge2,rougeL,rougeLsum,KL_Divergence
0,0.3195953362347306,0.12401801168676599,0.2087431948638166,0.2125493078373546,0.020393895653964052
