,rouge1,rouge2,rougeL,rougeLsum,KL_Divergence
0,0.17179766496865229,0.046570530617285555,0.11993914229490946,0.11996543641485377,0.029873009181535928
