,rouge1,rouge2,rougeL,rougeLsum,KL_Divergence
0,0.20466511304679336,0.04643405473533377,0.15172336719565954,0.15173782722825443,0.16307231788713883
