,rouge1,rouge2,rougeL,rougeLsum,KL_Divergence
0,0.26163376028768587,0.07442601175614372,0.19499149556461098,0.19494380741404382,0.7868747341595812
