,rouge1,rouge2,rougeL,rougeLsum,KL_Divergence
0,0.3533519422604331,0.13244406155659266,0.2256085550387754,0.22918208946980723,0.01879138709346172
