,rouge1,rouge2,rougeL,rougeLsum,KL_Divergence
0,0.20447917215996364,0.04643843983567868,0.15174363737326385,0.15178528201218894,0.16997653219281272
