,rouge1,rouge2,rougeL,rougeLsum,KL_Divergence
0,0.2617207471662695,0.07444009227777268,0.19505235301507068,0.1950419847914312,0.7873590602798242
