,rouge1,rouge2,rougeL,rougeLsum,KL_Divergence
0,0.25556210805061147,0.07962780543049315,0.21938125847730958,0.21925879902916834,0.0978538813286762
