,rouge1,rouge2,rougeL,rougeLsum,KL_Divergence
0,0.2557780430637522,0.07921873351722067,0.21898100259008002,0.21904550289725566,0.07995542483070389
