,rouge1,rouge2,rougeL,rougeLsum,KL_Divergence
0,0.16576643117697665,0.03993272315935143,0.12272494653434532,0.12270121616085931,0.03657137451864946
