,rouge1,rouge2,rougeL,rougeLsum,KL_Divergence
0,0.12987126534240262,0.03881540014066827,0.107439106351624,0.10744221422731876,0.5071820462545046
