,rouge1,rouge2,rougeL,rougeLsum,KL_Divergence
0,0.20458567083384877,0.04637315173626739,0.1518000673645935,0.15181219584643735,0.16997653219281272
