,rouge1,rouge2,rougeL,rougeLsum,KL_Divergence
0,0.25600169813892726,0.07938047077291605,0.21917599244981262,0.21915711443334557,0.07995542483070389
