,rouge1,rouge2,rougeL,rougeLsum,KL_Divergence
0,0.2208692876240903,0.060607927444619375,0.15855571266539256,0.15856087066623956,0.040979093390439
