,rouge1,rouge2,rougeL,rougeLsum,KL_Divergence
0,0.36161784106914474,0.13504285179155098,0.23801639794485455,0.24130748971113908,0.016558355588629333
