,rouge1,rouge2,rougeL,rougeLsum,KL_Divergence
0,0.2679524574959418,0.09438493258393152,0.22940461073193033,0.22931388576493783,0.030654737934452878
