,rouge1,rouge2,rougeL,rougeLsum,KL_Divergence
0,0.21112809327129967,0.05035553768031364,0.1603916810829663,0.16034267794713297,0.019762524518791572
