,rouge1,rouge2,rougeL,rougeLsum,KL_Divergence
0,0.23154408432407592,0.06799401992466399,0.1763450037130267,0.17633055017255966,0.3163474531704072
