,rouge1,rouge2,rougeL,rougeLsum,KL_Divergence
0,0.21397215140784404,0.07367365970441025,0.1804004275340517,0.18036110910179126,0.2538640437909224
