,rouge1,rouge2,rougeL,rougeLsum,KL_Divergence
0,0.23157151104789214,0.06794987934321514,0.17636921384276422,0.1763099997981482,0.3166404491486403
