,rouge1,rouge2,rougeL,rougeLsum,KL_Divergence
0,0.2677600628448017,0.09415461822157462,0.2291936390388855,0.2294725133560271,0.030654737934452878
