,rouge1,rouge2,rougeL,rougeLsum,KL_Divergence
0,0.1657375710877764,0.03550942574164077,0.11550304560551088,0.1155122870403234,0.1474231542424917
