,rouge1,rouge2,rougeL,rougeLsum,KL_Divergence
0,0.13375021092885747,0.02402282838442669,0.09173435603775047,0.0917669043165987,0.5188832704273652
