,rouge1,rouge2,rougeL,rougeLsum,KL_Divergence
0,0.16350790231796708,0.030591684624181433,0.1055888468867833,0.10557150121074567,0.07789117912155138
