,rouge1,rouge2,rougeL,rougeLsum,KL_Divergence
0,0.42730708581271376,0.20584943915890425,0.29999790878334653,0.3034837475683607,0.051226516441201284
