,rouge1,rouge2,rougeL,rougeLsum,KL_Divergence
0,0.5153390213553367,0.27771669955288314,0.46970439446944195,0.4699559581423243,0.02165829191272082
