,rouge1,rouge2,rougeL,rougeLsum,KL_Divergence
0,0.36491821891410336,0.15892583759205958,0.22868868077082039,0.232842741886307,0.13665061223906777
