,rouge1,rouge2,rougeL,rougeLsum,KL_Divergence
0,0.2337473870169416,0.07044282434542781,0.16174132181032802,0.16407585354625362,0.010206116845422398
