,rouge1,rouge2,rougeL,rougeLsum,KL_Divergence
0,0.15185931724166513,0.030128205727033626,0.1232839189154484,0.1233658312901246,0.2267613531449736
