,rouge1,rouge2,rougeL,rougeLsum,KL_Divergence
0,0.1989372774880902,0.03553582996289537,0.13287928003123842,0.13288479732298997,0.20249950558204152
