,rouge1,rouge2,rougeL,rougeLsum,KL_Divergence
0,0.18744016059711244,0.0605566002777135,0.15305770164398355,0.15322119794855138,0.3069732828774513
