,rouge1,rouge2,rougeL,rougeLsum,KL_Divergence
0,0.2409084856070401,0.06535583367313502,0.20560030877503976,0.2060526640362048,0.10016908729873913
