,rouge1,rouge2,rougeL,rougeLsum,KL_Divergence
0,0.20546387382244993,0.04281065333874535,0.16599292249125752,0.16594127479523704,0.18741416957165644
