,rouge1,rouge2,rougeL,rougeLsum,KL_Divergence
0,0.16835687679053202,0.03311714248809068,0.1266396877101469,0.12667655666952463,0.0799701655052224
