,rouge1,rouge2,rougeL,rougeLsum,KL_Divergence
0,0.29517670032753124,0.09305443912724623,0.19024021162397117,0.19319316703916073,0.016286539069980954
