,rouge1,rouge2,rougeL,rougeLsum,KL_Divergence
0,0.217086774960439,0.04919282118753521,0.15176426940882035,0.1517646400980508,0.01986244360483902
