,rouge1,rouge2,rougeL,rougeLsum,KL_Divergence
0,0.2621494228687113,0.07780995679336841,0.20320944418722647,0.2032034114703814,0.0019076521968448713
