,rouge1,rouge2,rougeL,rougeLsum,KL_Divergence
0,0.17000140801520125,0.04745824392949092,0.13018921090144397,0.13139546872465224,0.2083004079347815
