,rouge1,rouge2,rougeL,rougeLsum,KL_Divergence
0,0.1443770076129905,0.04892071262854064,0.11831994164069688,0.11832374479412879,0.27319279905730237
