,rouge1,rouge2,rougeL,rougeLsum,KL_Divergence
0,0.2242857393425271,0.06980629933383932,0.18429793588592341,0.18432767798445301,0.12502577753639024
