,rouge1,rouge2,rougeL,rougeLsum,KL_Divergence
0,0.18003899155797226,0.05589105051372664,0.1485940901310248,0.14864470970285204,0.3134176674111558
