,rouge1,rouge2,rougeL,rougeLsum,KL_Divergence
0,0.33005778081818116,0.13298050713182888,0.21617262141436677,0.21992721252571118,0.031551592687308026
