,rouge1,rouge2,rougeL,rougeLsum,KL_Divergence
0,0.1653671122815091,0.026592841532748327,0.1145645944856929,0.11453800965603386,0.02038073813887869
