,rouge1,rouge2,rougeL,rougeLsum,KL_Divergence
0,0.14575682551248906,0.03253899367522041,0.11141881307602212,0.11142388088737032,0.17358503922685722
