,rouge1,rouge2,rougeL,rougeLsum,KL_Divergence
0,0.42832100486470004,0.20938089085549638,0.30519886055452206,0.3088083272483412,0.03773597249948539
