,rouge1,rouge2,rougeL,rougeLsum,KL_Divergence
0,0.16487127412076252,0.03394767218032986,0.1145354091589669,0.11465439462975872,0.1756273840223987
