,rouge1,rouge2,rougeL,rougeLsum,KL_Divergence
0,0.250846839704053,0.08571314604757405,0.20695180692607573,0.2069070264649404,0.17198786227865165
