,rouge1,rouge2,rougeL,rougeLsum,KL_Divergence
0,0.45386972800544945,0.23903360660659273,0.3816078988673146,0.38170336414549544,0.0024054745028373337
