,rouge1,rouge2,rougeL,rougeLsum,KL_Divergence
0,0.2947428486495961,0.11376758471343279,0.2025281280642309,0.2053744284101464,0.2135424717546061
