,rouge1,rouge2,rougeL,rougeLsum,KL_Divergence
0,0.27586839930228035,0.09648053032821954,0.21643409602547425,0.21635223741157683,0.01017014468741094
