,rouge1,rouge2,rougeL,rougeLsum,KL_Divergence
0,0.20413552103972765,0.03682222036096827,0.1379903329225689,0.13801445505927895,0.3188256133099006
