,rouge1,rouge2,rougeL,rougeLsum,KL_Divergence
0,0.16504103552005217,0.03205522851572884,0.11625599882401988,0.11628009072667567,0.0928683130025858
