,rouge1,rouge2,rougeL,rougeLsum,KL_Divergence
0,0.20658982052620845,0.06294245639516294,0.1722610391589992,0.17224578754924502,0.07748210918630792
