,rouge1,rouge2,rougeL,rougeLsum,KL_Divergence
0,0.21319903120884448,0.07421420547140031,0.1495210936649452,0.15165568510521038,0.11199417035164566
