,rouge1,rouge2,rougeL,rougeLsum,KL_Divergence
0,0.20850020972854602,0.06115127010256864,0.15514986444896767,0.15511971230339633,0.05939742084789994
