,rouge1,rouge2,rougeL,rougeLsum,KL_Divergence
0,0.4921748389525149,0.25771132184935286,0.44476311717715233,0.4448550705369237,0.022661696027607994
