,rouge1,rouge2,rougeL,rougeLsum,KL_Divergence
0,0.18387533476027257,0.05077984022524795,0.15589396826968516,0.15593118816222884,0.11054006148005185
