,rouge1,rouge2,rougeL,rougeLsum,KL_Divergence
0,0.2107929818246983,0.07635127483933099,0.1578206475749257,0.15938347947028483,0.264749805180915
