,rouge1,rouge2,rougeL,rougeLsum,KL_Divergence
0,0.16523836670531378,0.048237961847272165,0.13593037686589304,0.13577197564494287,0.1944652960942204
