,rouge1,rouge2,rougeL,rougeLsum,KL_Divergence
0,0.13980222044029722,0.024185221154036915,0.111330278290489,0.11144123973481337,0.09858623249422052
